Path,True Label,Predicted Label,Confidence
/workspace/Deepfake_Detection/data_preprocessing/asvsproof_data/test/fake/D_1000761.png,fake,real,0.6211
/workspace/Deepfake_Detection/data_preprocessing/asvsproof_data/test/fake/D_1000762.png,fake,real,0.6406
/workspace/Deepfake_Detection/data_preprocessing/asvsproof_data/test/fake/D_1000764.png,fake,real,0.6807
/workspace/Deepfake_Detection/data_preprocessing/asvsproof_data/test/fake/D_1000765.png,fake,real,0.7646
/workspace/Deepfake_Detection/data_preprocessing/asvsproof_data/test/fake/D_1000766.png,fake,real,0.9194
/workspace/Deepfake_Detection/data_preprocessing/asvsproof_data/test/fake/D_1000767.png,fake,real,0.9805
/workspace/Deepfake_Detection/data_preprocessing/asvsproof_data/test/fake/D_1000768.png,fake,real,0.9097
/workspace/Deepfake_Detection/data_preprocessing/asvsproof_data/test/fake/D_1000772.png,fake,real,0.7427
/workspace/Deepfake_Detection/data_preprocessing/asvsproof_data/test/fake/D_1000774.png,fake,real,0.8896
/workspace/Deepfake_Detection/data_preprocessing/asvsproof_data/test/fake/D_1000776.png,fake,real,0.9165
/workspace/Deepfake_Detection/data_preprocessing/asvsproof_data/test/fake/D_1000777.png,fake,real,0.6191
/workspace/Deepfake_Detection/data_preprocessing/asvsproof_data/test/fake/D_1000779.png,fake,real,0.6885
/workspace/Deepfake_Detection/data_preprocessing/asvsproof_data/test/fake/D_1000780.png,fake,real,0.9146
/workspace/Deepfake_Detection/data_preprocessing/asvsproof_data/test/fake/D_1000782.png,fake,real,0.5840
/workspace/Deepfake_Detection/data_preprocessing/asvsproof_data/test/fake/D_1000783.png,fake,real,0.6689
/workspace/Deepfake_Detection/data_preprocessing/asvsproof_data/test/fake/D_1000784.png,fake,real,0.7305
/workspace/Deepfake_Detection/data_preprocessing/asvsproof_data/test/fake/D_1000785.png,fake,real,0.6035
/workspace/Deepfake_Detection/data_preprocessing/asvsproof_data/test/fake/D_1000786.png,fake,real,0.7998
/workspace/Deepfake_Detection/data_preprocessing/asvsproof_data/test/fake/D_1000787.png,fake,real,0.6982
/workspace/Deepfake_Detection/data_preprocessing/asvsproof_data/test/fake/D_1000788.png,fake,real,0.6514
/workspace/Deepfake_Detection/data_preprocessing/asvsproof_data/test/fake/D_1000789.png,fake,real,0.7520
/workspace/Deepfake_Detection/data_preprocessing/asvsproof_data/test/fake/D_1000790.png,fake,real,0.5630
/workspace/Deepfake_Detection/data_preprocessing/asvsproof_data/test/fake/D_1000791.png,fake,real,0.6846
/workspace/Deepfake_Detection/data_preprocessing/asvsproof_data/test/fake/D_1000792.png,fake,real,0.6318
/workspace/Deepfake_Detection/data_preprocessing/asvsproof_data/test/fake/D_1000793.png,fake,real,0.6279
/workspace/Deepfake_Detection/data_preprocessing/asvsproof_data/test/fake/D_1000795.png,fake,real,0.6660
/workspace/Deepfake_Detection/data_preprocessing/asvsproof_data/test/fake/D_1000796.png,fake,real,0.6079
/workspace/Deepfake_Detection/data_preprocessing/asvsproof_data/test/fake/D_1000798.png,fake,real,0.7002
/workspace/Deepfake_Detection/data_preprocessing/asvsproof_data/test/fake/D_1000799.png,fake,real,0.8574
/workspace/Deepfake_Detection/data_preprocessing/asvsproof_data/test/fake/D_1000800.png,fake,real,0.6367
/workspace/Deepfake_Detection/data_preprocessing/asvsproof_data/test/fake/D_1000804.png,fake,real,0.6807
/workspace/Deepfake_Detection/data_preprocessing/asvsproof_data/test/fake/D_1000805.png,fake,real,0.6128
/workspace/Deepfake_Detection/data_preprocessing/asvsproof_data/test/fake/D_1000807.png,fake,real,0.6729
/workspace/Deepfake_Detection/data_preprocessing/asvsproof_data/test/fake/D_1000808.png,fake,real,0.6250
/workspace/Deepfake_Detection/data_preprocessing/asvsproof_data/test/fake/D_1000809.png,fake,real,0.6958
/workspace/Deepfake_Detection/data_preprocessing/asvsproof_data/test/fake/D_1000811.png,fake,real,0.6211
/workspace/Deepfake_Detection/data_preprocessing/asvsproof_data/test/fake/D_1000813.png,fake,real,0.5889
/workspace/Deepfake_Detection/data_preprocessing/asvsproof_data/test/fake/D_1000814.png,fake,real,0.5742
/workspace/Deepfake_Detection/data_preprocessing/asvsproof_data/test/fake/D_1000816.png,fake,real,0.6182
/workspace/Deepfake_Detection/data_preprocessing/asvsproof_data/test/fake/D_1000818.png,fake,real,0.5605
/workspace/Deepfake_Detection/data_preprocessing/asvsproof_data/test/fake/D_1000822.png,fake,real,0.6963
/workspace/Deepfake_Detection/data_preprocessing/asvsproof_data/test/fake/D_1000825.png,fake,real,0.5693
/workspace/Deepfake_Detection/data_preprocessing/asvsproof_data/test/fake/D_1000828.png,fake,real,0.6782
/workspace/Deepfake_Detection/data_preprocessing/asvsproof_data/test/fake/D_1000830.png,fake,real,0.7617
/workspace/Deepfake_Detection/data_preprocessing/asvsproof_data/test/fake/D_1000831.png,fake,real,0.6709
/workspace/Deepfake_Detection/data_preprocessing/asvsproof_data/test/fake/D_1000832.png,fake,real,0.7119
/workspace/Deepfake_Detection/data_preprocessing/asvsproof_data/test/fake/D_1000833.png,fake,real,0.5928
/workspace/Deepfake_Detection/data_preprocessing/asvsproof_data/test/fake/D_1000834.png,fake,real,0.8271
/workspace/Deepfake_Detection/data_preprocessing/asvsproof_data/test/fake/D_1000835.png,fake,real,0.6074
/workspace/Deepfake_Detection/data_preprocessing/asvsproof_data/test/fake/D_1000839.png,fake,real,0.5669
/workspace/Deepfake_Detection/data_preprocessing/asvsproof_data/test/fake/D_1000840.png,fake,real,0.6387
/workspace/Deepfake_Detection/data_preprocessing/asvsproof_data/test/fake/D_1000841.png,fake,real,0.6660
/workspace/Deepfake_Detection/data_preprocessing/asvsproof_data/test/fake/D_1000842.png,fake,real,0.6123
/workspace/Deepfake_Detection/data_preprocessing/asvsproof_data/test/fake/D_1000843.png,fake,real,0.6416
/workspace/Deepfake_Detection/data_preprocessing/asvsproof_data/test/fake/D_1000845.png,fake,real,0.6035
/workspace/Deepfake_Detection/data_preprocessing/asvsproof_data/test/fake/D_1000848.png,fake,real,0.5840
/workspace/Deepfake_Detection/data_preprocessing/asvsproof_data/test/fake/D_1000849.png,fake,real,0.5537
/workspace/Deepfake_Detection/data_preprocessing/asvsproof_data/test/fake/D_1000851.png,fake,real,0.7651
/workspace/Deepfake_Detection/data_preprocessing/asvsproof_data/test/fake/D_1000852.png,fake,real,0.6621
/workspace/Deepfake_Detection/data_preprocessing/asvsproof_data/test/fake/D_1000853.png,fake,real,0.7559
/workspace/Deepfake_Detection/data_preprocessing/asvsproof_data/test/fake/D_1000856.png,fake,real,0.7456
/workspace/Deepfake_Detection/data_preprocessing/asvsproof_data/test/fake/D_1000857.png,fake,real,0.5684
/workspace/Deepfake_Detection/data_preprocessing/asvsproof_data/test/fake/D_1000858.png,fake,real,0.6201
/workspace/Deepfake_Detection/data_preprocessing/asvsproof_data/test/fake/D_1000859.png,fake,real,0.6294
/workspace/Deepfake_Detection/data_preprocessing/asvsproof_data/test/fake/D_1000860.png,fake,real,0.7412
/workspace/Deepfake_Detection/data_preprocessing/asvsproof_data/test/fake/D_1000861.png,fake,real,0.7720
/workspace/Deepfake_Detection/data_preprocessing/asvsproof_data/test/fake/D_1000862.png,fake,real,0.9800
/workspace/Deepfake_Detection/data_preprocessing/asvsproof_data/test/fake/D_1000863.png,fake,real,0.8003
/workspace/Deepfake_Detection/data_preprocessing/asvsproof_data/test/fake/D_1000867.png,fake,real,0.8032
/workspace/Deepfake_Detection/data_preprocessing/asvsproof_data/test/fake/D_1000868.png,fake,real,0.5981
/workspace/Deepfake_Detection/data_preprocessing/asvsproof_data/test/fake/D_1000869.png,fake,real,0.8667
/workspace/Deepfake_Detection/data_preprocessing/asvsproof_data/test/fake/D_1000871.png,fake,real,0.7891
/workspace/Deepfake_Detection/data_preprocessing/asvsproof_data/test/fake/D_1000874.png,fake,real,0.7627
/workspace/Deepfake_Detection/data_preprocessing/asvsproof_data/test/fake/D_1000875.png,fake,real,0.8247
/workspace/Deepfake_Detection/data_preprocessing/asvsproof_data/test/fake/D_1000877.png,fake,real,0.6514
/workspace/Deepfake_Detection/data_preprocessing/asvsproof_data/test/fake/D_1000878.png,fake,real,0.6504
/workspace/Deepfake_Detection/data_preprocessing/asvsproof_data/test/fake/D_1000879.png,fake,real,0.6655
/workspace/Deepfake_Detection/data_preprocessing/asvsproof_data/test/fake/D_1000880.png,fake,real,0.5874
/workspace/Deepfake_Detection/data_preprocessing/asvsproof_data/test/fake/D_1000881.png,fake,real,0.6572
/workspace/Deepfake_Detection/data_preprocessing/asvsproof_data/test/fake/D_1000882.png,fake,real,0.6968
/workspace/Deepfake_Detection/data_preprocessing/asvsproof_data/test/fake/D_1000883.png,fake,real,0.6562
/workspace/Deepfake_Detection/data_preprocessing/asvsproof_data/test/fake/D_1000884.png,fake,real,0.6348
/workspace/Deepfake_Detection/data_preprocessing/asvsproof_data/test/fake/D_1000885.png,fake,real,0.7881
/workspace/Deepfake_Detection/data_preprocessing/asvsproof_data/test/fake/D_1000886.png,fake,real,0.6646
/workspace/Deepfake_Detection/data_preprocessing/asvsproof_data/test/fake/D_1000887.png,fake,real,0.5557
/workspace/Deepfake_Detection/data_preprocessing/asvsproof_data/test/fake/D_1000888.png,fake,real,0.5859
/workspace/Deepfake_Detection/data_preprocessing/asvsproof_data/test/fake/D_1000889.png,fake,real,0.5850
/workspace/Deepfake_Detection/data_preprocessing/asvsproof_data/test/fake/D_1000890.png,fake,real,0.7861
/workspace/Deepfake_Detection/data_preprocessing/asvsproof_data/test/fake/D_1000891.png,fake,real,0.6729
/workspace/Deepfake_Detection/data_preprocessing/asvsproof_data/test/fake/D_1000892.png,fake,real,0.5977
/workspace/Deepfake_Detection/data_preprocessing/asvsproof_data/test/fake/D_1000893.png,fake,real,0.5762
/workspace/Deepfake_Detection/data_preprocessing/asvsproof_data/test/fake/D_1000894.png,fake,real,0.7012
/workspace/Deepfake_Detection/data_preprocessing/asvsproof_data/test/fake/D_1000899.png,fake,real,0.6621
/workspace/Deepfake_Detection/data_preprocessing/asvsproof_data/test/fake/D_1000900.png,fake,real,0.6807
/workspace/Deepfake_Detection/data_preprocessing/asvsproof_data/test/fake/D_1000902.png,fake,real,0.5986
/workspace/Deepfake_Detection/data_preprocessing/asvsproof_data/test/fake/D_1000903.png,fake,real,0.6484
/workspace/Deepfake_Detection/data_preprocessing/asvsproof_data/test/fake/D_1000904.png,fake,real,0.6875
/workspace/Deepfake_Detection/data_preprocessing/asvsproof_data/test/fake/D_1000905.png,fake,real,0.5674
/workspace/Deepfake_Detection/data_preprocessing/asvsproof_data/test/fake/D_1000906.png,fake,real,0.7432
/workspace/Deepfake_Detection/data_preprocessing/asvsproof_data/test/fake/D_1000907.png,fake,real,0.5552
/workspace/Deepfake_Detection/data_preprocessing/asvsproof_data/test/fake/D_1000908.png,fake,real,0.7886
/workspace/Deepfake_Detection/data_preprocessing/asvsproof_data/test/fake/D_1000913.png,fake,real,0.5815
/workspace/Deepfake_Detection/data_preprocessing/asvsproof_data/test/fake/D_1000917.png,fake,real,0.6172
/workspace/Deepfake_Detection/data_preprocessing/asvsproof_data/test/fake/D_1000920.png,fake,real,0.6289
/workspace/Deepfake_Detection/data_preprocessing/asvsproof_data/test/fake/D_1000923.png,fake,real,0.8428
/workspace/Deepfake_Detection/data_preprocessing/asvsproof_data/test/fake/D_1000924.png,fake,real,0.5786
/workspace/Deepfake_Detection/data_preprocessing/asvsproof_data/test/fake/D_1000925.png,fake,real,0.6631
/workspace/Deepfake_Detection/data_preprocessing/asvsproof_data/test/fake/D_1000927.png,fake,real,0.6797
/workspace/Deepfake_Detection/data_preprocessing/asvsproof_data/test/fake/D_1000928.png,fake,real,0.6021
/workspace/Deepfake_Detection/data_preprocessing/asvsproof_data/test/fake/D_1000929.png,fake,real,0.7451
/workspace/Deepfake_Detection/data_preprocessing/asvsproof_data/test/fake/D_1000930.png,fake,real,0.7402
/workspace/Deepfake_Detection/data_preprocessing/asvsproof_data/test/fake/D_1000931.png,fake,real,0.7290
/workspace/Deepfake_Detection/data_preprocessing/asvsproof_data/test/fake/D_1000932.png,fake,real,0.5508
/workspace/Deepfake_Detection/data_preprocessing/asvsproof_data/test/fake/D_1000933.png,fake,real,0.6006
/workspace/Deepfake_Detection/data_preprocessing/asvsproof_data/test/fake/D_1000935.png,fake,real,0.8755
/workspace/Deepfake_Detection/data_preprocessing/asvsproof_data/test/fake/D_1000936.png,fake,real,0.8564
/workspace/Deepfake_Detection/data_preprocessing/asvsproof_data/test/fake/D_1000938.png,fake,real,0.5957
/workspace/Deepfake_Detection/data_preprocessing/asvsproof_data/test/fake/D_1000939.png,fake,real,0.6016
/workspace/Deepfake_Detection/data_preprocessing/asvsproof_data/test/fake/D_1000940.png,fake,real,0.8223
/workspace/Deepfake_Detection/data_preprocessing/asvsproof_data/test/fake/D_1000941.png,fake,real,0.7754
/workspace/Deepfake_Detection/data_preprocessing/asvsproof_data/test/fake/D_1000944.png,fake,real,0.6597
/workspace/Deepfake_Detection/data_preprocessing/asvsproof_data/test/fake/D_1000946.png,fake,real,0.7998
/workspace/Deepfake_Detection/data_preprocessing/asvsproof_data/test/fake/D_1000947.png,fake,real,0.6865
/workspace/Deepfake_Detection/data_preprocessing/asvsproof_data/test/fake/D_1000948.png,fake,real,0.7764
/workspace/Deepfake_Detection/data_preprocessing/asvsproof_data/test/fake/D_1000949.png,fake,real,0.6050
/workspace/Deepfake_Detection/data_preprocessing/asvsproof_data/test/fake/D_1000950.png,fake,real,0.6201
/workspace/Deepfake_Detection/data_preprocessing/asvsproof_data/test/fake/D_1000951.png,fake,real,0.6782
/workspace/Deepfake_Detection/data_preprocessing/asvsproof_data/test/fake/D_1000953.png,fake,real,0.6123
/workspace/Deepfake_Detection/data_preprocessing/asvsproof_data/test/fake/D_1000955.png,fake,real,0.5615
/workspace/Deepfake_Detection/data_preprocessing/asvsproof_data/test/fake/D_1000956.png,fake,real,0.7471
/workspace/Deepfake_Detection/data_preprocessing/asvsproof_data/test/fake/D_1000957.png,fake,real,0.9658
/workspace/Deepfake_Detection/data_preprocessing/asvsproof_data/test/fake/D_1000958.png,fake,real,0.7188
/workspace/Deepfake_Detection/data_preprocessing/asvsproof_data/test/fake/D_1000962.png,fake,real,0.5928
/workspace/Deepfake_Detection/data_preprocessing/asvsproof_data/test/fake/D_1000964.png,fake,real,0.8755
/workspace/Deepfake_Detection/data_preprocessing/asvsproof_data/test/fake/D_1000966.png,fake,real,0.6401
/workspace/Deepfake_Detection/data_preprocessing/asvsproof_data/test/fake/D_1000973.png,fake,real,0.6519
/workspace/Deepfake_Detection/data_preprocessing/asvsproof_data/test/fake/D_1000974.png,fake,real,0.6143
/workspace/Deepfake_Detection/data_preprocessing/asvsproof_data/test/fake/D_1000977.png,fake,real,0.5840
/workspace/Deepfake_Detection/data_preprocessing/asvsproof_data/test/fake/D_1000989.png,fake,real,0.5830
/workspace/Deepfake_Detection/data_preprocessing/asvsproof_data/test/fake/D_1001024.png,fake,real,0.5967
/workspace/Deepfake_Detection/data_preprocessing/asvsproof_data/test/fake/D_1001033.png,fake,real,0.6045
/workspace/Deepfake_Detection/data_preprocessing/asvsproof_data/test/fake/D_1001041.png,fake,real,0.5571
/workspace/Deepfake_Detection/data_preprocessing/asvsproof_data/test/fake/D_1001042.png,fake,real,0.6201
/workspace/Deepfake_Detection/data_preprocessing/asvsproof_data/test/fake/D_1001043.png,fake,real,0.7119
/workspace/Deepfake_Detection/data_preprocessing/asvsproof_data/test/fake/D_1001046.png,fake,real,0.8188
/workspace/Deepfake_Detection/data_preprocessing/asvsproof_data/test/fake/D_1001048.png,fake,real,0.7603
/workspace/Deepfake_Detection/data_preprocessing/asvsproof_data/test/fake/D_1001049.png,fake,real,0.6221
/workspace/Deepfake_Detection/data_preprocessing/asvsproof_data/test/fake/D_1001050.png,fake,real,0.7402
/workspace/Deepfake_Detection/data_preprocessing/asvsproof_data/test/fake/D_1001051.png,fake,real,0.8442
/workspace/Deepfake_Detection/data_preprocessing/asvsproof_data/test/fake/D_1001052.png,fake,real,0.9351
/workspace/Deepfake_Detection/data_preprocessing/asvsproof_data/test/fake/D_1001053.png,fake,real,0.7686
/workspace/Deepfake_Detection/data_preprocessing/asvsproof_data/test/fake/D_1001057.png,fake,real,0.7642
/workspace/Deepfake_Detection/data_preprocessing/asvsproof_data/test/fake/D_1001059.png,fake,real,0.8901
/workspace/Deepfake_Detection/data_preprocessing/asvsproof_data/test/fake/D_1001061.png,fake,real,0.6753
/workspace/Deepfake_Detection/data_preprocessing/asvsproof_data/test/fake/D_1001062.png,fake,real,0.5601
/workspace/Deepfake_Detection/data_preprocessing/asvsproof_data/test/fake/D_1001064.png,fake,real,0.6553
/workspace/Deepfake_Detection/data_preprocessing/asvsproof_data/test/fake/D_1001065.png,fake,real,0.7612
/workspace/Deepfake_Detection/data_preprocessing/asvsproof_data/test/fake/D_1001068.png,fake,real,0.5596
/workspace/Deepfake_Detection/data_preprocessing/asvsproof_data/test/fake/D_1001069.png,fake,real,0.6865
/workspace/Deepfake_Detection/data_preprocessing/asvsproof_data/test/fake/D_1001070.png,fake,real,0.6187
/workspace/Deepfake_Detection/data_preprocessing/asvsproof_data/test/fake/D_1001071.png,fake,real,0.7153
/workspace/Deepfake_Detection/data_preprocessing/asvsproof_data/test/fake/D_1001072.png,fake,real,0.6504
/workspace/Deepfake_Detection/data_preprocessing/asvsproof_data/test/fake/D_1001074.png,fake,real,0.6641
/workspace/Deepfake_Detection/data_preprocessing/asvsproof_data/test/fake/D_1001075.png,fake,real,0.6504
/workspace/Deepfake_Detection/data_preprocessing/asvsproof_data/test/fake/D_1001076.png,fake,real,0.5767
/workspace/Deepfake_Detection/data_preprocessing/asvsproof_data/test/fake/D_1001077.png,fake,real,0.5674
/workspace/Deepfake_Detection/data_preprocessing/asvsproof_data/test/fake/D_1001078.png,fake,real,0.5645
/workspace/Deepfake_Detection/data_preprocessing/asvsproof_data/test/fake/D_1001079.png,fake,real,0.6885
/workspace/Deepfake_Detection/data_preprocessing/asvsproof_data/test/fake/D_1001080.png,fake,real,0.7256
/workspace/Deepfake_Detection/data_preprocessing/asvsproof_data/test/fake/D_1001081.png,fake,real,0.7183
/workspace/Deepfake_Detection/data_preprocessing/asvsproof_data/test/fake/D_1001083.png,fake,real,0.6270
/workspace/Deepfake_Detection/data_preprocessing/asvsproof_data/test/fake/D_1001084.png,fake,real,0.6777
/workspace/Deepfake_Detection/data_preprocessing/asvsproof_data/test/fake/D_1001092.png,fake,real,0.6538
/workspace/Deepfake_Detection/data_preprocessing/asvsproof_data/test/fake/D_1001094.png,fake,real,0.7446
/workspace/Deepfake_Detection/data_preprocessing/asvsproof_data/test/fake/D_1001102.png,fake,real,0.5791
/workspace/Deepfake_Detection/data_preprocessing/asvsproof_data/test/fake/D_1001103.png,fake,real,0.6470
/workspace/Deepfake_Detection/data_preprocessing/asvsproof_data/test/fake/D_1001104.png,fake,real,0.5645
/workspace/Deepfake_Detection/data_preprocessing/asvsproof_data/test/fake/D_1001109.png,fake,real,0.5762
/workspace/Deepfake_Detection/data_preprocessing/asvsproof_data/test/fake/D_1001113.png,fake,real,0.6426
/workspace/Deepfake_Detection/data_preprocessing/asvsproof_data/test/fake/D_1001115.png,fake,real,0.6973
/workspace/Deepfake_Detection/data_preprocessing/asvsproof_data/test/fake/D_1001116.png,fake,real,0.6133
/workspace/Deepfake_Detection/data_preprocessing/asvsproof_data/test/fake/D_1001117.png,fake,real,0.5854
/workspace/Deepfake_Detection/data_preprocessing/asvsproof_data/test/fake/D_1001118.png,fake,real,0.7617
/workspace/Deepfake_Detection/data_preprocessing/asvsproof_data/test/fake/D_1001119.png,fake,real,0.7192
/workspace/Deepfake_Detection/data_preprocessing/asvsproof_data/test/fake/D_1001120.png,fake,real,0.5898
/workspace/Deepfake_Detection/data_preprocessing/asvsproof_data/test/fake/D_1001125.png,fake,real,0.8232
/workspace/Deepfake_Detection/data_preprocessing/asvsproof_data/test/fake/D_1001126.png,fake,real,0.7451
/workspace/Deepfake_Detection/data_preprocessing/asvsproof_data/test/fake/D_1001128.png,fake,real,0.6543
/workspace/Deepfake_Detection/data_preprocessing/asvsproof_data/test/fake/D_1001129.png,fake,real,0.6201
/workspace/Deepfake_Detection/data_preprocessing/asvsproof_data/test/fake/D_1001130.png,fake,real,0.8354
/workspace/Deepfake_Detection/data_preprocessing/asvsproof_data/test/fake/D_1001131.png,fake,real,0.6304
/workspace/Deepfake_Detection/data_preprocessing/asvsproof_data/test/fake/D_1001133.png,fake,real,0.6045
/workspace/Deepfake_Detection/data_preprocessing/asvsproof_data/test/fake/D_1001134.png,fake,real,0.7031
/workspace/Deepfake_Detection/data_preprocessing/asvsproof_data/test/fake/D_1001136.png,fake,real,0.7266
/workspace/Deepfake_Detection/data_preprocessing/asvsproof_data/test/fake/D_1001137.png,fake,real,0.6973
/workspace/Deepfake_Detection/data_preprocessing/asvsproof_data/test/fake/D_1001138.png,fake,real,0.8354
/workspace/Deepfake_Detection/data_preprocessing/asvsproof_data/test/fake/D_1001139.png,fake,real,0.6953
/workspace/Deepfake_Detection/data_preprocessing/asvsproof_data/test/fake/D_1001140.png,fake,real,0.5811
/workspace/Deepfake_Detection/data_preprocessing/asvsproof_data/test/fake/D_1001141.png,fake,real,0.8169
/workspace/Deepfake_Detection/data_preprocessing/asvsproof_data/test/fake/D_1001142.png,fake,real,0.5938
/workspace/Deepfake_Detection/data_preprocessing/asvsproof_data/test/fake/D_1001144.png,fake,real,0.7578
/workspace/Deepfake_Detection/data_preprocessing/asvsproof_data/test/fake/D_1001145.png,fake,real,0.8208
/workspace/Deepfake_Detection/data_preprocessing/asvsproof_data/test/fake/D_1001146.png,fake,real,0.8311
/workspace/Deepfake_Detection/data_preprocessing/asvsproof_data/test/fake/D_1001147.png,fake,real,0.9360
/workspace/Deepfake_Detection/data_preprocessing/asvsproof_data/test/fake/D_1001148.png,fake,real,0.7920
/workspace/Deepfake_Detection/data_preprocessing/asvsproof_data/test/fake/D_1001152.png,fake,real,0.8042
/workspace/Deepfake_Detection/data_preprocessing/asvsproof_data/test/fake/D_1001154.png,fake,real,0.8906
/workspace/Deepfake_Detection/data_preprocessing/asvsproof_data/test/fake/D_1001156.png,fake,real,0.7036
/workspace/Deepfake_Detection/data_preprocessing/asvsproof_data/test/fake/D_1001157.png,fake,real,0.6289
/workspace/Deepfake_Detection/data_preprocessing/asvsproof_data/test/fake/D_1001159.png,fake,real,0.7690
/workspace/Deepfake_Detection/data_preprocessing/asvsproof_data/test/fake/D_1001160.png,fake,real,0.8594
/workspace/Deepfake_Detection/data_preprocessing/asvsproof_data/test/fake/D_1001163.png,fake,real,0.6113
/workspace/Deepfake_Detection/data_preprocessing/asvsproof_data/test/fake/D_1001164.png,fake,real,0.6675
/workspace/Deepfake_Detection/data_preprocessing/asvsproof_data/test/fake/D_1001165.png,fake,real,0.5605
/workspace/Deepfake_Detection/data_preprocessing/asvsproof_data/test/fake/D_1001166.png,fake,real,0.7959
/workspace/Deepfake_Detection/data_preprocessing/asvsproof_data/test/fake/D_1001167.png,fake,real,0.6299
/workspace/Deepfake_Detection/data_preprocessing/asvsproof_data/test/fake/D_1001168.png,fake,real,0.5820
/workspace/Deepfake_Detection/data_preprocessing/asvsproof_data/test/fake/D_1001171.png,fake,real,0.6572
/workspace/Deepfake_Detection/data_preprocessing/asvsproof_data/test/fake/D_1001172.png,fake,real,0.6006
/workspace/Deepfake_Detection/data_preprocessing/asvsproof_data/test/fake/D_1001173.png,fake,real,0.6426
/workspace/Deepfake_Detection/data_preprocessing/asvsproof_data/test/fake/D_1001174.png,fake,real,0.7373
/workspace/Deepfake_Detection/data_preprocessing/asvsproof_data/test/fake/D_1001175.png,fake,real,0.6772
/workspace/Deepfake_Detection/data_preprocessing/asvsproof_data/test/fake/D_1001176.png,fake,real,0.7515
/workspace/Deepfake_Detection/data_preprocessing/asvsproof_data/test/fake/D_1001177.png,fake,real,0.7100
/workspace/Deepfake_Detection/data_preprocessing/asvsproof_data/test/fake/D_1001178.png,fake,real,0.6519
/workspace/Deepfake_Detection/data_preprocessing/asvsproof_data/test/fake/D_1001179.png,fake,real,0.7451
/workspace/Deepfake_Detection/data_preprocessing/asvsproof_data/test/fake/D_1001180.png,fake,real,0.6851
/workspace/Deepfake_Detection/data_preprocessing/asvsproof_data/test/fake/D_1001184.png,fake,real,0.6719
/workspace/Deepfake_Detection/data_preprocessing/asvsproof_data/test/fake/D_1001187.png,fake,real,0.6343
/workspace/Deepfake_Detection/data_preprocessing/asvsproof_data/test/fake/D_1001188.png,fake,real,0.6543
/workspace/Deepfake_Detection/data_preprocessing/asvsproof_data/test/fake/D_1001189.png,fake,real,0.7051
/workspace/Deepfake_Detection/data_preprocessing/asvsproof_data/test/fake/D_1001191.png,fake,real,0.5806
/workspace/Deepfake_Detection/data_preprocessing/asvsproof_data/test/fake/D_1001194.png,fake,real,0.6729
/workspace/Deepfake_Detection/data_preprocessing/asvsproof_data/test/fake/D_1001196.png,fake,real,0.5635
/workspace/Deepfake_Detection/data_preprocessing/asvsproof_data/test/fake/D_1001198.png,fake,real,0.5581
/workspace/Deepfake_Detection/data_preprocessing/asvsproof_data/test/fake/D_1001202.png,fake,real,0.6895
/workspace/Deepfake_Detection/data_preprocessing/asvsproof_data/test/fake/D_1001204.png,fake,real,0.6670
/workspace/Deepfake_Detection/data_preprocessing/asvsproof_data/test/fake/D_1001208.png,fake,real,0.6724
/workspace/Deepfake_Detection/data_preprocessing/asvsproof_data/test/fake/D_1001209.png,fake,real,0.6294
/workspace/Deepfake_Detection/data_preprocessing/asvsproof_data/test/fake/D_1001210.png,fake,real,0.6318
/workspace/Deepfake_Detection/data_preprocessing/asvsproof_data/test/fake/D_1001211.png,fake,real,0.5913
/workspace/Deepfake_Detection/data_preprocessing/asvsproof_data/test/fake/D_1001212.png,fake,real,0.7695
/workspace/Deepfake_Detection/data_preprocessing/asvsproof_data/test/fake/D_1001213.png,fake,real,0.6729
/workspace/Deepfake_Detection/data_preprocessing/asvsproof_data/test/fake/D_1001214.png,fake,real,0.7441
/workspace/Deepfake_Detection/data_preprocessing/asvsproof_data/test/fake/D_1001215.png,fake,real,0.6836
/workspace/Deepfake_Detection/data_preprocessing/asvsproof_data/test/fake/D_1001218.png,fake,real,0.5947
/workspace/Deepfake_Detection/data_preprocessing/asvsproof_data/test/fake/D_1001220.png,fake,real,0.7461
/workspace/Deepfake_Detection/data_preprocessing/asvsproof_data/test/fake/D_1001221.png,fake,real,0.7905
/workspace/Deepfake_Detection/data_preprocessing/asvsproof_data/test/fake/D_1001222.png,fake,real,0.6196
/workspace/Deepfake_Detection/data_preprocessing/asvsproof_data/test/fake/D_1001223.png,fake,real,0.7637
/workspace/Deepfake_Detection/data_preprocessing/asvsproof_data/test/fake/D_1001225.png,fake,real,0.7812
/workspace/Deepfake_Detection/data_preprocessing/asvsproof_data/test/fake/D_1001226.png,fake,real,0.7075
/workspace/Deepfake_Detection/data_preprocessing/asvsproof_data/test/fake/D_1001229.png,fake,real,0.5947
/workspace/Deepfake_Detection/data_preprocessing/asvsproof_data/test/fake/D_1001230.png,fake,real,0.6353
/workspace/Deepfake_Detection/data_preprocessing/asvsproof_data/test/fake/D_1001231.png,fake,real,0.8271
/workspace/Deepfake_Detection/data_preprocessing/asvsproof_data/test/fake/D_1001232.png,fake,real,0.6611
/workspace/Deepfake_Detection/data_preprocessing/asvsproof_data/test/fake/D_1001233.png,fake,real,0.7393
/workspace/Deepfake_Detection/data_preprocessing/asvsproof_data/test/fake/D_1001236.png,fake,real,0.6865
/workspace/Deepfake_Detection/data_preprocessing/asvsproof_data/test/fake/D_1001240.png,fake,real,0.7168
/workspace/Deepfake_Detection/data_preprocessing/asvsproof_data/test/fake/D_1001241.png,fake,real,0.7202
/workspace/Deepfake_Detection/data_preprocessing/asvsproof_data/test/fake/D_1001242.png,fake,real,0.7578
/workspace/Deepfake_Detection/data_preprocessing/asvsproof_data/test/fake/D_1001243.png,fake,real,0.7275
/workspace/Deepfake_Detection/data_preprocessing/asvsproof_data/test/fake/D_1001247.png,fake,real,0.5645
/workspace/Deepfake_Detection/data_preprocessing/asvsproof_data/test/fake/D_1001249.png,fake,real,0.7583
/workspace/Deepfake_Detection/data_preprocessing/asvsproof_data/test/fake/D_1001255.png,fake,real,0.6260
/workspace/Deepfake_Detection/data_preprocessing/asvsproof_data/test/fake/D_1001262.png,fake,real,0.5786
/workspace/Deepfake_Detection/data_preprocessing/asvsproof_data/test/fake/D_1001270.png,fake,real,0.6250
/workspace/Deepfake_Detection/data_preprocessing/asvsproof_data/test/fake/D_1001274.png,fake,real,0.5913
/workspace/Deepfake_Detection/data_preprocessing/asvsproof_data/test/fake/D_1001284.png,fake,real,0.6812
/workspace/Deepfake_Detection/data_preprocessing/asvsproof_data/test/fake/D_1001309.png,fake,real,0.6484
/workspace/Deepfake_Detection/data_preprocessing/asvsproof_data/test/fake/D_1001315.png,fake,real,0.6475
/workspace/Deepfake_Detection/data_preprocessing/asvsproof_data/test/fake/D_1001316.png,fake,real,0.6099
/workspace/Deepfake_Detection/data_preprocessing/asvsproof_data/test/fake/D_1001320.png,fake,real,0.5972
/workspace/Deepfake_Detection/data_preprocessing/asvsproof_data/test/fake/D_1001326.png,fake,real,0.6924
/workspace/Deepfake_Detection/data_preprocessing/asvsproof_data/test/fake/D_1001327.png,fake,real,0.5723
/workspace/Deepfake_Detection/data_preprocessing/asvsproof_data/test/fake/D_1001328.png,fake,real,0.5894
/workspace/Deepfake_Detection/data_preprocessing/asvsproof_data/test/fake/D_1001331.png,fake,real,0.8086
/workspace/Deepfake_Detection/data_preprocessing/asvsproof_data/test/fake/D_1001332.png,fake,real,0.7021
/workspace/Deepfake_Detection/data_preprocessing/asvsproof_data/test/fake/D_1001333.png,fake,real,0.6279
/workspace/Deepfake_Detection/data_preprocessing/asvsproof_data/test/fake/D_1001334.png,fake,real,0.8521
/workspace/Deepfake_Detection/data_preprocessing/asvsproof_data/test/fake/D_1001335.png,fake,real,0.8770
/workspace/Deepfake_Detection/data_preprocessing/asvsproof_data/test/fake/D_1001336.png,fake,real,0.9194
/workspace/Deepfake_Detection/data_preprocessing/asvsproof_data/test/fake/D_1001337.png,fake,real,0.8379
/workspace/Deepfake_Detection/data_preprocessing/asvsproof_data/test/fake/D_1001338.png,fake,real,0.8711
/workspace/Deepfake_Detection/data_preprocessing/asvsproof_data/test/fake/D_1001340.png,fake,real,0.5576
/workspace/Deepfake_Detection/data_preprocessing/asvsproof_data/test/fake/D_1001342.png,fake,real,0.8770
/workspace/Deepfake_Detection/data_preprocessing/asvsproof_data/test/fake/D_1001343.png,fake,real,0.6748
/workspace/Deepfake_Detection/data_preprocessing/asvsproof_data/test/fake/D_1001344.png,fake,real,0.9087
/workspace/Deepfake_Detection/data_preprocessing/asvsproof_data/test/fake/D_1001346.png,fake,real,0.8018
/workspace/Deepfake_Detection/data_preprocessing/asvsproof_data/test/fake/D_1001349.png,fake,real,0.8857
/workspace/Deepfake_Detection/data_preprocessing/asvsproof_data/test/fake/D_1001350.png,fake,real,0.9258
/workspace/Deepfake_Detection/data_preprocessing/asvsproof_data/test/fake/D_1001351.png,fake,real,0.6660
/workspace/Deepfake_Detection/data_preprocessing/asvsproof_data/test/fake/D_1001352.png,fake,real,0.6484
/workspace/Deepfake_Detection/data_preprocessing/asvsproof_data/test/fake/D_1001353.png,fake,real,0.6357
/workspace/Deepfake_Detection/data_preprocessing/asvsproof_data/test/fake/D_1001354.png,fake,real,0.7402
/workspace/Deepfake_Detection/data_preprocessing/asvsproof_data/test/fake/D_1001356.png,fake,real,0.6992
/workspace/Deepfake_Detection/data_preprocessing/asvsproof_data/test/fake/D_1001357.png,fake,real,0.7754
/workspace/Deepfake_Detection/data_preprocessing/asvsproof_data/test/fake/D_1001358.png,fake,real,0.6719
/workspace/Deepfake_Detection/data_preprocessing/asvsproof_data/test/fake/D_1001359.png,fake,real,0.6807
/workspace/Deepfake_Detection/data_preprocessing/asvsproof_data/test/fake/D_1001360.png,fake,real,0.7090
/workspace/Deepfake_Detection/data_preprocessing/asvsproof_data/test/fake/D_1001361.png,fake,real,0.6143
/workspace/Deepfake_Detection/data_preprocessing/asvsproof_data/test/fake/D_1001362.png,fake,real,0.6797
/workspace/Deepfake_Detection/data_preprocessing/asvsproof_data/test/fake/D_1001363.png,fake,real,0.7041
/workspace/Deepfake_Detection/data_preprocessing/asvsproof_data/test/fake/D_1001364.png,fake,real,0.7642
/workspace/Deepfake_Detection/data_preprocessing/asvsproof_data/test/fake/D_1001365.png,fake,real,0.7974
/workspace/Deepfake_Detection/data_preprocessing/asvsproof_data/test/fake/D_1001366.png,fake,real,0.7217
/workspace/Deepfake_Detection/data_preprocessing/asvsproof_data/test/fake/D_1001367.png,fake,real,0.7256
/workspace/Deepfake_Detection/data_preprocessing/asvsproof_data/test/fake/D_1001368.png,fake,real,0.6841
/workspace/Deepfake_Detection/data_preprocessing/asvsproof_data/test/fake/D_1001369.png,fake,real,0.8135
/workspace/Deepfake_Detection/data_preprocessing/asvsproof_data/test/fake/D_1001370.png,fake,real,0.6069
/workspace/Deepfake_Detection/data_preprocessing/asvsproof_data/test/fake/D_1001374.png,fake,real,0.6279
/workspace/Deepfake_Detection/data_preprocessing/asvsproof_data/test/fake/D_1001377.png,fake,real,0.7900
/workspace/Deepfake_Detection/data_preprocessing/asvsproof_data/test/fake/D_1001378.png,fake,real,0.7856
/workspace/Deepfake_Detection/data_preprocessing/asvsproof_data/test/fake/D_1001379.png,fake,real,0.8496
/workspace/Deepfake_Detection/data_preprocessing/asvsproof_data/test/fake/D_1001380.png,fake,real,0.6611
/workspace/Deepfake_Detection/data_preprocessing/asvsproof_data/test/fake/D_1001381.png,fake,real,0.5513
/workspace/Deepfake_Detection/data_preprocessing/asvsproof_data/test/fake/D_1001384.png,fake,real,0.6436
/workspace/Deepfake_Detection/data_preprocessing/asvsproof_data/test/fake/D_1001386.png,fake,real,0.5889
/workspace/Deepfake_Detection/data_preprocessing/asvsproof_data/test/fake/D_1001387.png,fake,real,0.6172
/workspace/Deepfake_Detection/data_preprocessing/asvsproof_data/test/fake/D_1001388.png,fake,real,0.6240
/workspace/Deepfake_Detection/data_preprocessing/asvsproof_data/test/fake/D_1001389.png,fake,real,0.6328
/workspace/Deepfake_Detection/data_preprocessing/asvsproof_data/test/fake/D_1001392.png,fake,real,0.7593
/workspace/Deepfake_Detection/data_preprocessing/asvsproof_data/test/fake/D_1001393.png,fake,real,0.6655
/workspace/Deepfake_Detection/data_preprocessing/asvsproof_data/test/fake/D_1001394.png,fake,real,0.6328
/workspace/Deepfake_Detection/data_preprocessing/asvsproof_data/test/fake/D_1001395.png,fake,real,0.7471
/workspace/Deepfake_Detection/data_preprocessing/asvsproof_data/test/fake/D_1001396.png,fake,real,0.6445
/workspace/Deepfake_Detection/data_preprocessing/asvsproof_data/test/fake/D_1001397.png,fake,real,0.6636
/workspace/Deepfake_Detection/data_preprocessing/asvsproof_data/test/fake/D_1001398.png,fake,real,0.6455
/workspace/Deepfake_Detection/data_preprocessing/asvsproof_data/test/fake/D_1001399.png,fake,real,0.6504
/workspace/Deepfake_Detection/data_preprocessing/asvsproof_data/test/fake/D_1001400.png,fake,real,0.7080
/workspace/Deepfake_Detection/data_preprocessing/asvsproof_data/test/fake/D_1001401.png,fake,real,0.7617
/workspace/Deepfake_Detection/data_preprocessing/asvsproof_data/test/fake/D_1001402.png,fake,real,0.8359
/workspace/Deepfake_Detection/data_preprocessing/asvsproof_data/test/fake/D_1001403.png,fake,real,0.6387
/workspace/Deepfake_Detection/data_preprocessing/asvsproof_data/test/fake/D_1001404.png,fake,real,0.7900
/workspace/Deepfake_Detection/data_preprocessing/asvsproof_data/test/fake/D_1001405.png,fake,real,0.6631
/workspace/Deepfake_Detection/data_preprocessing/asvsproof_data/test/fake/D_1001406.png,fake,real,0.6807
/workspace/Deepfake_Detection/data_preprocessing/asvsproof_data/test/fake/D_1001408.png,fake,real,0.6992
/workspace/Deepfake_Detection/data_preprocessing/asvsproof_data/test/fake/D_1001410.png,fake,real,0.7090
/workspace/Deepfake_Detection/data_preprocessing/asvsproof_data/test/fake/D_1001411.png,fake,real,0.7559
/workspace/Deepfake_Detection/data_preprocessing/asvsproof_data/test/fake/D_1001413.png,fake,real,0.7236
/workspace/Deepfake_Detection/data_preprocessing/asvsproof_data/test/fake/D_1001414.png,fake,real,0.6758
/workspace/Deepfake_Detection/data_preprocessing/asvsproof_data/test/fake/D_1001415.png,fake,real,0.8188
/workspace/Deepfake_Detection/data_preprocessing/asvsproof_data/test/fake/D_1001416.png,fake,real,0.8057
/workspace/Deepfake_Detection/data_preprocessing/asvsproof_data/test/fake/D_1001419.png,fake,real,0.7358
/workspace/Deepfake_Detection/data_preprocessing/asvsproof_data/test/fake/D_1001420.png,fake,real,0.6523
/workspace/Deepfake_Detection/data_preprocessing/asvsproof_data/test/fake/D_1001421.png,fake,real,0.7705
/workspace/Deepfake_Detection/data_preprocessing/asvsproof_data/test/fake/D_1001422.png,fake,real,0.7954
/workspace/Deepfake_Detection/data_preprocessing/asvsproof_data/test/fake/D_1001423.png,fake,real,0.8447
/workspace/Deepfake_Detection/data_preprocessing/asvsproof_data/test/fake/D_1001424.png,fake,real,0.5874
/workspace/Deepfake_Detection/data_preprocessing/asvsproof_data/test/fake/D_1001425.png,fake,real,0.7080
/workspace/Deepfake_Detection/data_preprocessing/asvsproof_data/test/fake/D_1001426.png,fake,real,0.6377
/workspace/Deepfake_Detection/data_preprocessing/asvsproof_data/test/fake/D_1001432.png,fake,real,0.8438
/workspace/Deepfake_Detection/data_preprocessing/asvsproof_data/test/fake/D_1001439.png,fake,real,0.6338
/workspace/Deepfake_Detection/data_preprocessing/asvsproof_data/test/fake/D_1001518.png,fake,real,0.6509
/workspace/Deepfake_Detection/data_preprocessing/asvsproof_data/test/fake/D_1001527.png,fake,real,0.8574
/workspace/Deepfake_Detection/data_preprocessing/asvsproof_data/test/fake/D_1001534.png,fake,real,0.7324
/workspace/Deepfake_Detection/data_preprocessing/asvsproof_data/test/fake/D_1001622.png,fake,real,0.6416
/workspace/Deepfake_Detection/data_preprocessing/asvsproof_data/test/real/D_1000004.png,real,fake,0.5630
/workspace/Deepfake_Detection/data_preprocessing/asvsproof_data/test/real/D_1000014.png,real,fake,0.5801
/workspace/Deepfake_Detection/data_preprocessing/asvsproof_data/test/real/D_1000015.png,real,fake,0.5078
/workspace/Deepfake_Detection/data_preprocessing/asvsproof_data/test/real/D_1000016.png,real,fake,0.7949
/workspace/Deepfake_Detection/data_preprocessing/asvsproof_data/test/real/D_1000017.png,real,fake,0.6064
/workspace/Deepfake_Detection/data_preprocessing/asvsproof_data/test/real/D_1000035.png,real,fake,0.5166
/workspace/Deepfake_Detection/data_preprocessing/asvsproof_data/test/real/D_1000047.png,real,fake,0.5430
/workspace/Deepfake_Detection/data_preprocessing/asvsproof_data/test/real/D_1000060.png,real,fake,0.4504
/workspace/Deepfake_Detection/data_preprocessing/asvsproof_data/test/real/D_1000084.png,real,fake,0.5562
/workspace/Deepfake_Detection/data_preprocessing/asvsproof_data/test/real/D_1000088.png,real,fake,0.5020
/workspace/Deepfake_Detection/data_preprocessing/asvsproof_data/test/real/D_1000091.png,real,fake,0.5381
/workspace/Deepfake_Detection/data_preprocessing/asvsproof_data/test/real/D_1000093.png,real,fake,0.4749
/workspace/Deepfake_Detection/data_preprocessing/asvsproof_data/test/real/D_1000095.png,real,fake,0.4541
/workspace/Deepfake_Detection/data_preprocessing/asvsproof_data/test/real/D_1000096.png,real,fake,0.5806
/workspace/Deepfake_Detection/data_preprocessing/asvsproof_data/test/real/D_1000100.png,real,fake,0.5835
/workspace/Deepfake_Detection/data_preprocessing/asvsproof_data/test/real/D_1000102.png,real,fake,0.4512
/workspace/Deepfake_Detection/data_preprocessing/asvsproof_data/test/real/D_1000104.png,real,fake,0.4514
/workspace/Deepfake_Detection/data_preprocessing/asvsproof_data/test/real/D_1000105.png,real,fake,0.5640
/workspace/Deepfake_Detection/data_preprocessing/asvsproof_data/test/real/D_1000111.png,real,fake,0.6680
/workspace/Deepfake_Detection/data_preprocessing/asvsproof_data/test/real/D_1000281.png,real,fake,0.4812
/workspace/Deepfake_Detection/data_preprocessing/asvsproof_data/test/real/D_1000307.png,real,fake,0.4629
/workspace/Deepfake_Detection/data_preprocessing/asvsproof_data/test/real/D_1000323.png,real,fake,0.6831
/workspace/Deepfake_Detection/data_preprocessing/asvsproof_data/test/real/D_1000330.png,real,fake,0.5322
/workspace/Deepfake_Detection/data_preprocessing/asvsproof_data/test/real/D_1000340.png,real,fake,0.6035
/workspace/Deepfake_Detection/data_preprocessing/asvsproof_data/test/real/D_1000371.png,real,fake,0.4973
/workspace/Deepfake_Detection/data_preprocessing/asvsproof_data/test/real/D_1000374.png,real,fake,0.4504
/workspace/Deepfake_Detection/data_preprocessing/asvsproof_data/test/real/D_1000376.png,real,fake,0.4800
/workspace/Deepfake_Detection/data_preprocessing/asvsproof_data/test/real/D_1000581.png,real,fake,0.5610
/workspace/Deepfake_Detection/data_preprocessing/asvsproof_data/test/real/D_1000614.png,real,fake,0.4624
/workspace/Deepfake_Detection/data_preprocessing/asvsproof_data/test/real/D_1000625.png,real,fake,0.5962
/workspace/Deepfake_Detection/data_preprocessing/asvsproof_data/test/real/D_1000658.png,real,fake,0.4668
/workspace/Deepfake_Detection/data_preprocessing/asvsproof_data/test/real/D_1000687.png,real,fake,0.5317
